workerid,proliferate.condition,char_group1,char_group2,char_group3,self_id1,self_id2,self_id3,self_id_image1,self_id_image2,self_id_image3,self_id_image4,self_id_image5,self_id_image6,trial_time_minutes,error
738,condition1,hippie,nerd,filler,1,2,5,hippie_girl2,hippie_guy2,nerd_girl2,nerd_guy2,filler_girl2,filler_guy3,0.33625,
708,condition1,hippie,nerd,filler,3,1,5,hippie_girl2,hippie_guy1,nerd_girl1,nerd_guy1,filler_girl1,filler_guy3,0.3796833333333333,
587,condition1,filler,nerd,hippie,5,4,3,filler_girl2,filler_guy4,nerd_girl2,nerd_guy2,hippie_girl2,hippie_guy2,0.6166666666666667,
814,condition1,nerd,filler,hippie,3,6,2,nerd_girl2,nerd_guy2,filler_girl3,filler_guy4,hippie_girl1,hippie_guy2,0.3342,
700,condition1,filler,hippie,nerd,5,1,2,filler_girl1,filler_guy4,hippie_girl1,hippie_guy2,nerd_girl2,nerd_guy2,0.27613333333333334,
678,condition1,filler,nerd,hippie,5,3,1,filler_girl3,filler_guy4,nerd_girl2,nerd_guy1,hippie_girl1,hippie_guy2,0.4195333333333333,
711,condition1,nerd,filler,hippie,2,3,2,nerd_girl1,nerd_guy2,filler_girl4,filler_guy4,hippie_girl1,hippie_guy1,0.4070166666666667,
965,condition1,filler,hippie,nerd,1,2,1,filler_girl4,filler_guy4,hippie_girl1,hippie_guy1,nerd_girl1,nerd_guy1,0.47065,
586,condition1,nerd,filler,hippie,2,5,1,nerd_girl1,nerd_guy2,filler_girl1,filler_guy1,hippie_girl2,hippie_guy2,0.34376666666666666,
948,condition1,nerd,filler,hippie,5,6,2,nerd_girl2,nerd_guy1,filler_girl3,filler_guy3,hippie_girl2,hippie_guy2,0.21598333333333333,
679,condition1,filler,hippie,nerd,6,6,4,filler_girl2,filler_guy4,hippie_girl1,hippie_guy2,nerd_girl2,nerd_guy2,0.5348,
812,condition1,filler,nerd,hippie,5,2,6,filler_girl1,filler_guy2,nerd_girl1,nerd_guy2,hippie_girl2,hippie_guy1,0.5618,
673,condition1,filler,nerd,hippie,2,2,2,filler_girl1,filler_guy2,nerd_girl1,nerd_guy1,hippie_girl2,hippie_guy2,0.27466666666666667,
924,condition1,nerd,filler,hippie,2,1,1,nerd_girl2,nerd_guy2,filler_girl3,filler_guy4,hippie_girl2,hippie_guy2,0.49065,
974,condition1,filler,nerd,hippie,2,3,1,filler_girl1,filler_guy3,nerd_girl2,nerd_guy2,hippie_girl2,hippie_guy2,0.5991,
890,condition1,nerd,filler,hippie,5,3,1,nerd_girl2,nerd_guy1,filler_girl2,filler_guy2,hippie_girl2,hippie_guy1,0.4965333333333333,
796,condition1,filler,hippie,nerd,6,1,1,filler_girl2,filler_guy4,hippie_girl1,hippie_guy2,nerd_girl2,nerd_guy2,0.2121,
735,condition1,nerd,filler,hippie,1,6,1,nerd_girl1,nerd_guy1,filler_girl3,filler_guy4,hippie_girl1,hippie_guy1,0.4023333333333333,
658,condition1,filler,hippie,nerd,3,3,4,filler_girl3,filler_guy4,hippie_girl1,hippie_guy1,nerd_girl2,nerd_guy1,0.3077,
971,condition1,hippie,filler,nerd,3,5,3,hippie_girl1,hippie_guy2,filler_girl4,filler_guy1,nerd_girl2,nerd_guy2,0.23996666666666663,
643,condition1,nerd,hippie,filler,5,5,4,nerd_girl2,nerd_guy1,hippie_girl1,hippie_guy1,filler_girl1,filler_guy1,0.2917166666666667,
923,condition1,hippie,filler,nerd,3,5,2,hippie_girl2,hippie_guy2,filler_girl4,filler_guy1,nerd_girl1,nerd_guy2,0.2913,
654,condition1,nerd,hippie,filler,3,1,3,nerd_girl2,nerd_guy2,hippie_girl1,hippie_guy1,filler_girl4,filler_guy4,0.5174166666666666,
710,condition1,filler,nerd,hippie,5,3,2,filler_girl4,filler_guy3,nerd_girl1,nerd_guy2,hippie_girl1,hippie_guy2,0.32133333333333336,
775,condition1,nerd,hippie,filler,6,3,7,nerd_girl1,nerd_guy2,hippie_girl1,hippie_guy2,filler_girl2,filler_guy3,0.47851666666666665,
740,condition1,filler,nerd,hippie,4,4,4,filler_girl1,filler_guy1,nerd_girl1,nerd_guy2,hippie_girl1,hippie_guy1,0.16766666666666666,
856,condition1,hippie,filler,nerd,2,5,3,hippie_girl1,hippie_guy1,filler_girl4,filler_guy1,nerd_girl2,nerd_guy2,0.5995,
908,condition1,nerd,hippie,filler,5,3,4,nerd_girl1,nerd_guy1,hippie_girl2,hippie_guy1,filler_girl2,filler_guy3,0.23253333333333337,
683,condition1,filler,nerd,hippie,1,1,1,filler_girl4,filler_guy4,nerd_girl1,nerd_guy1,hippie_girl1,hippie_guy1,0.3376166666666667,
941,condition1,nerd,filler,hippie,2,5,1,nerd_girl2,nerd_guy1,filler_girl4,filler_guy1,hippie_girl2,hippie_guy2,0.3398833333333333,
609,condition1,filler,nerd,hippie,1,1,1,filler_girl3,filler_guy4,nerd_girl2,nerd_guy2,hippie_girl1,hippie_guy1,0.20091666666666663,
880,condition1,hippie,nerd,filler,6,5,6,hippie_girl1,hippie_guy1,nerd_girl2,nerd_guy1,filler_girl1,filler_guy4,0.40265,
651,condition1,filler,nerd,hippie,1,1,1,filler_girl3,filler_guy1,nerd_girl1,nerd_guy1,hippie_girl1,hippie_guy1,0.41491666666666666,
692,condition1,filler,hippie,nerd,7,1,1,filler_girl3,filler_guy3,hippie_girl1,hippie_guy2,nerd_girl1,nerd_guy1,0.48455,
897,condition1,hippie,filler,nerd,2,5,1,hippie_girl1,hippie_guy1,filler_girl3,filler_guy4,nerd_girl1,nerd_guy2,0.30493333333333333,
811,condition1,filler,nerd,hippie,2,1,1,filler_girl1,filler_guy2,nerd_girl1,nerd_guy2,hippie_girl2,hippie_guy2,0.40825,
778,condition1,filler,nerd,hippie,5,3,4,filler_girl2,filler_guy3,nerd_girl2,nerd_guy2,hippie_girl1,hippie_guy1,0.22108333333333333,
757,condition1,nerd,filler,hippie,2,6,1,nerd_girl2,nerd_guy1,filler_girl1,filler_guy4,hippie_girl1,hippie_guy2,0.31885,
861,condition1,hippie,filler,nerd,1,7,5,hippie_girl2,hippie_guy2,filler_girl3,filler_guy1,nerd_girl2,nerd_guy1,0.4229,
666,condition1,nerd,hippie,filler,2,3,5,nerd_girl2,nerd_guy1,hippie_girl2,hippie_guy1,filler_girl1,filler_guy4,0.29738333333333333,
694,condition1,hippie,nerd,filler,1,4,5,hippie_girl2,hippie_guy2,nerd_girl2,nerd_guy1,filler_girl4,filler_guy3,0.31806666666666666,
632,condition1,filler,hippie,nerd,4,4,3,filler_girl4,filler_guy3,hippie_girl2,hippie_guy1,nerd_girl2,nerd_guy1,0.28496666666666665,
864,condition1,filler,hippie,nerd,2,2,2,filler_girl1,filler_guy3,hippie_girl2,hippie_guy1,nerd_girl1,nerd_guy1,1.00335,
905,condition1,filler,hippie,nerd,5,3,3,filler_girl2,filler_guy4,hippie_girl2,hippie_guy1,nerd_girl1,nerd_guy2,0.37585,
751,condition1,hippie,filler,nerd,1,2,1,hippie_girl2,hippie_guy2,filler_girl2,filler_guy4,nerd_girl2,nerd_guy2,0.32566666666666666,
653,condition1,nerd,filler,hippie,7,7,6,nerd_girl1,nerd_guy1,filler_girl4,filler_guy4,hippie_girl1,hippie_guy1,0.5978166666666667,
644,condition1,hippie,filler,nerd,1,6,2,hippie_girl2,hippie_guy1,filler_girl2,filler_guy1,nerd_girl2,nerd_guy2,0.5597666666666666,
946,condition1,hippie,filler,nerd,2,4,2,hippie_girl1,hippie_guy1,filler_girl1,filler_guy4,nerd_girl2,nerd_guy1,0.2977,
721,condition1,nerd,filler,hippie,4,4,4,nerd_girl2,nerd_guy1,filler_girl3,filler_guy3,hippie_girl1,hippie_guy1,0.22941666666666663,
884,condition1,filler,nerd,hippie,5,4,3,filler_girl2,filler_guy2,nerd_girl1,nerd_guy2,hippie_girl1,hippie_guy1,0.3750833333333333,
616,condition1,filler,nerd,hippie,5,5,2,filler_girl1,filler_guy3,nerd_girl2,nerd_guy1,hippie_girl2,hippie_guy1,0.34171666666666667,
709,condition1,nerd,filler,hippie,3,5,3,nerd_girl2,nerd_guy2,filler_girl1,filler_guy3,hippie_girl1,hippie_guy2,0.5304666666666666,
911,condition1,filler,hippie,nerd,5,2,4,filler_girl2,filler_guy3,hippie_girl2,hippie_guy2,nerd_girl2,nerd_guy1,0.44693333333333335,
647,condition1,nerd,hippie,filler,3,5,6,nerd_girl2,nerd_guy2,hippie_girl2,hippie_guy1,filler_girl1,filler_guy2,0.4898666666666667,
663,condition1,filler,hippie,nerd,6,6,6,filler_girl2,filler_guy3,hippie_girl2,hippie_guy1,nerd_girl2,nerd_guy2,0.7496666666666667,
785,condition1,filler,hippie,nerd,2,1,1,filler_girl3,filler_guy2,hippie_girl2,hippie_guy2,nerd_girl2,nerd_guy2,0.20736666666666667,
853,condition1,filler,nerd,hippie,4,4,4,filler_girl1,filler_guy4,nerd_girl1,nerd_guy1,hippie_girl1,hippie_guy1,0.34113333333333334,
633,condition1,hippie,filler,nerd,4,4,4,hippie_girl1,hippie_guy1,filler_girl3,filler_guy4,nerd_girl1,nerd_guy2,0.5085,
749,condition1,nerd,filler,hippie,4,5,2,nerd_girl1,nerd_guy1,filler_girl2,filler_guy4,hippie_girl2,hippie_guy2,0.4744,
726,condition1,filler,nerd,hippie,4,2,1,filler_girl1,filler_guy3,nerd_girl1,nerd_guy2,hippie_girl1,hippie_guy1,0.3560333333333333,
950,condition1,hippie,nerd,filler,2,1,4,hippie_girl1,hippie_guy2,nerd_girl1,nerd_guy1,filler_girl1,filler_guy3,0.2722333333333333,
984,condition1,filler,nerd,hippie,4,4,4,filler_girl3,filler_guy4,nerd_girl2,nerd_guy1,hippie_girl2,hippie_guy1,0.5453666666666667,
920,condition1,nerd,hippie,filler,2,1,7,nerd_girl2,nerd_guy2,hippie_girl2,hippie_guy1,filler_girl1,filler_guy1,0.26011666666666666,
857,condition1,nerd,filler,hippie,5,4,3,nerd_girl2,nerd_guy1,filler_girl1,filler_guy2,hippie_girl1,hippie_guy2,0.365,
993,condition1,nerd,hippie,filler,5,5,5,nerd_girl1,nerd_guy1,hippie_girl1,hippie_guy2,filler_girl4,filler_guy1,0.27746666666666664,
774,condition1,filler,hippie,nerd,5,3,4,filler_girl2,filler_guy2,hippie_girl2,hippie_guy1,nerd_girl2,nerd_guy2,0.28318333333333334,
595,condition1,nerd,hippie,filler,3,3,5,nerd_girl2,nerd_guy1,hippie_girl2,hippie_guy1,filler_girl2,filler_guy4,0.3255166666666667,
883,condition1,nerd,filler,hippie,2,5,2,nerd_girl1,nerd_guy1,filler_girl4,filler_guy1,hippie_girl2,hippie_guy1,0.34826666666666667,
933,condition1,hippie,filler,nerd,1,1,2,hippie_girl2,hippie_guy1,filler_girl4,filler_guy1,nerd_girl1,nerd_guy1,0.40946666666666665,
703,condition1,filler,nerd,hippie,6,2,4,filler_girl4,filler_guy4,nerd_girl2,nerd_guy1,hippie_girl1,hippie_guy1,0.35441666666666666,
665,condition1,nerd,filler,hippie,4,4,4,nerd_girl2,nerd_guy1,filler_girl3,filler_guy4,hippie_girl2,hippie_guy1,0.27891666666666665,
889,condition1,hippie,nerd,filler,1,2,5,hippie_girl1,hippie_guy2,nerd_girl1,nerd_guy2,filler_girl1,filler_guy3,0.7466,
942,condition1,nerd,hippie,filler,2,5,6,nerd_girl1,nerd_guy2,hippie_girl2,hippie_guy1,filler_girl2,filler_guy3,0.2652,
723,condition1,nerd,hippie,filler,2,1,3,nerd_girl2,nerd_guy2,hippie_girl2,hippie_guy1,filler_girl4,filler_guy3,0.31053333333333333,
917,condition1,filler,hippie,nerd,5,1,1,filler_girl3,filler_guy1,hippie_girl2,hippie_guy1,nerd_girl1,nerd_guy2,0.48165,
930,condition1,nerd,filler,hippie,2,2,2,nerd_girl2,nerd_guy2,filler_girl2,filler_guy3,hippie_girl1,hippie_guy1,0.31183333333333335,
776,condition1,hippie,nerd,filler,2,2,6,hippie_girl2,hippie_guy2,nerd_girl2,nerd_guy1,filler_girl1,filler_guy3,0.22906666666666667,
594,condition1,hippie,filler,nerd,1,6,1,hippie_girl2,hippie_guy1,filler_girl1,filler_guy4,nerd_girl1,nerd_guy1,0.27573333333333333,
739,condition1,nerd,filler,hippie,3,3,3,nerd_girl1,nerd_guy1,filler_girl1,filler_guy3,hippie_girl1,hippie_guy2,0.7601333333333333,
630,condition1,hippie,filler,nerd,1,1,1,hippie_girl2,hippie_guy1,filler_girl4,filler_guy3,nerd_girl1,nerd_guy1,0.34015,
998,condition1,nerd,filler,hippie,3,5,3,nerd_girl1,nerd_guy2,filler_girl4,filler_guy3,hippie_girl2,hippie_guy1,0.38958333333333334,
762,condition1,filler,hippie,nerd,5,3,4,filler_girl1,filler_guy3,hippie_girl1,hippie_guy2,nerd_girl1,nerd_guy2,0.2561833333333333,
758,condition1,hippie,filler,nerd,2,5,2,hippie_girl1,hippie_guy1,filler_girl2,filler_guy4,nerd_girl1,nerd_guy2,0.5610333333333334,
886,condition1,nerd,filler,hippie,2,4,2,nerd_girl2,nerd_guy1,filler_girl2,filler_guy1,hippie_girl1,hippie_guy1,0.18263333333333337,
816,condition1,nerd,hippie,filler,5,5,5,nerd_girl1,nerd_guy1,hippie_girl2,hippie_guy1,filler_girl1,filler_guy2,0.26261666666666666,
677,condition1,nerd,filler,hippie,3,3,2,nerd_girl1,nerd_guy1,filler_girl1,filler_guy1,hippie_girl1,hippie_guy1,0.4098,
813,condition1,hippie,filler,nerd,2,2,1,hippie_girl2,hippie_guy1,filler_girl3,filler_guy3,nerd_girl2,nerd_guy1,0.31215,
592,condition1,filler,nerd,hippie,5,3,6,filler_girl2,filler_guy2,nerd_girl2,nerd_guy2,hippie_girl2,hippie_guy2,0.2779333333333333,
688,condition1,nerd,hippie,filler,1,5,6,nerd_girl1,nerd_guy1,hippie_girl2,hippie_guy1,filler_girl4,filler_guy4,0.6418,
966,condition1,nerd,hippie,filler,6,5,2,nerd_girl1,nerd_guy1,hippie_girl1,hippie_guy1,filler_girl1,filler_guy4,1.64025,
730,condition1,filler,nerd,hippie,2,2,2,filler_girl4,filler_guy3,nerd_girl2,nerd_guy2,hippie_girl2,hippie_guy1,0.3403833333333333,
855,condition1,filler,hippie,nerd,6,2,2,filler_girl1,filler_guy3,hippie_girl2,hippie_guy1,nerd_girl1,nerd_guy2,0.3842833333333333,
819,condition1,nerd,filler,hippie,3,2,2,nerd_girl1,nerd_guy1,filler_girl1,filler_guy1,hippie_girl1,hippie_guy1,0.44505,
901,condition1,nerd,hippie,filler,4,3,6,nerd_girl1,nerd_guy1,hippie_girl2,hippie_guy1,filler_girl1,filler_guy4,0.39408333333333334,
914,condition1,hippie,filler,nerd,5,2,5,hippie_girl1,hippie_guy1,filler_girl1,filler_guy4,nerd_girl1,nerd_guy1,0.51125,
1001,condition1,filler,nerd,hippie,6,2,1,filler_girl4,filler_guy4,nerd_girl2,nerd_guy2,hippie_girl1,hippie_guy2,0.5402,
801,condition1,nerd,filler,hippie,1,3,4,nerd_girl1,nerd_guy2,filler_girl4,filler_guy4,hippie_girl2,hippie_guy1,0.37001666666666666,
874,condition1,nerd,hippie,filler,2,3,6,nerd_girl2,nerd_guy2,hippie_girl1,hippie_guy1,filler_girl4,filler_guy4,0.62375,
646,condition1,filler,nerd,hippie,5,3,2,filler_girl3,filler_guy1,nerd_girl1,nerd_guy1,hippie_girl1,hippie_guy2,0.5933666666666667,
732,condition1,hippie,nerd,filler,3,3,4,hippie_girl2,hippie_guy2,nerd_girl1,nerd_guy2,filler_girl4,filler_guy1,0.2369,
771,condition1,filler,nerd,hippie,6,5,3,filler_girl2,filler_guy3,nerd_girl2,nerd_guy2,hippie_girl1,hippie_guy1,0.27253333333333335,
769,condition1,nerd,filler,hippie,4,4,3,nerd_girl1,nerd_guy1,filler_girl2,filler_guy2,hippie_girl1,hippie_guy1,0.24218333333333333,
601,condition1,filler,nerd,hippie,5,6,2,filler_girl2,filler_guy4,nerd_girl1,nerd_guy1,hippie_girl2,hippie_guy1,0.4138333333333334,
742,condition1,hippie,nerd,filler,5,4,6,hippie_girl2,hippie_guy2,nerd_girl1,nerd_guy2,filler_girl2,filler_guy2,0.27785,
729,condition1,nerd,filler,hippie,2,2,1,nerd_girl2,nerd_guy2,filler_girl2,filler_guy1,hippie_girl1,hippie_guy2,0.29836666666666667,
837,condition1,hippie,filler,nerd,1,3,1,hippie_girl1,hippie_guy2,filler_girl4,filler_guy3,nerd_girl1,nerd_guy1,0.2859333333333333,
995,condition1,filler,nerd,hippie,1,1,1,filler_girl2,filler_guy1,nerd_girl1,nerd_guy2,hippie_girl1,hippie_guy2,0.34985,
877,condition1,filler,hippie,nerd,5,2,2,filler_girl2,filler_guy1,hippie_girl1,hippie_guy2,nerd_girl1,nerd_guy2,0.42878333333333335,
823,condition1,filler,hippie,nerd,1,1,1,filler_girl2,filler_guy1,hippie_girl1,hippie_guy1,nerd_girl1,nerd_guy2,0.3611333333333333,
860,condition1,hippie,filler,nerd,2,2,1,hippie_girl2,hippie_guy1,filler_girl2,filler_guy2,nerd_girl1,nerd_guy1,0.2234,
631,condition1,filler,nerd,hippie,4,5,5,filler_girl1,filler_guy4,nerd_girl2,nerd_guy2,hippie_girl2,hippie_guy2,0.36866666666666664,
645,condition1,nerd,filler,hippie,2,2,1,nerd_girl2,nerd_guy2,filler_girl1,filler_guy2,hippie_girl1,hippie_guy1,0.296,
940,condition1,hippie,filler,nerd,1,1,1,hippie_girl2,hippie_guy2,filler_girl4,filler_guy4,nerd_girl1,nerd_guy1,0.25911666666666666,
808,condition1,nerd,hippie,filler,7,7,7,nerd_girl2,nerd_guy2,hippie_girl1,hippie_guy2,filler_girl2,filler_guy1,0.4967,
672,condition1,nerd,filler,hippie,3,5,7,nerd_girl1,nerd_guy2,filler_girl4,filler_guy4,hippie_girl2,hippie_guy1,0.3486666666666667,
996,condition1,filler,nerd,hippie,6,5,4,filler_girl3,filler_guy1,nerd_girl1,nerd_guy1,hippie_girl2,hippie_guy1,0.3446666666666667,
887,condition1,hippie,filler,nerd,5,5,2,hippie_girl1,hippie_guy2,filler_girl3,filler_guy1,nerd_girl2,nerd_guy2,0.20923333333333333,
797,condition1,hippie,nerd,filler,2,1,5,hippie_girl2,hippie_guy1,nerd_girl1,nerd_guy1,filler_girl3,filler_guy1,0.34008333333333335,
891,condition1,filler,nerd,hippie,3,3,3,filler_girl4,filler_guy2,nerd_girl1,nerd_guy1,hippie_girl2,hippie_guy2,0.5763333333333334,
799,condition1,filler,hippie,nerd,5,6,4,filler_girl3,filler_guy2,hippie_girl2,hippie_guy1,nerd_girl1,nerd_guy2,0.4062833333333334,
638,condition1,nerd,filler,hippie,2,3,2,nerd_girl1,nerd_guy1,filler_girl1,filler_guy1,hippie_girl1,hippie_guy1,0.51935,
701,condition1,hippie,filler,nerd,1,6,1,hippie_girl2,hippie_guy2,filler_girl3,filler_guy2,nerd_girl2,nerd_guy2,0.5012833333333333,
657,condition1,nerd,filler,hippie,2,6,3,nerd_girl1,nerd_guy2,filler_girl1,filler_guy4,hippie_girl2,hippie_guy1,0.41486666666666666,
714,condition1,hippie,nerd,filler,3,4,5,hippie_girl1,hippie_guy1,nerd_girl1,nerd_guy2,filler_girl2,filler_guy1,0.5481,
969,condition1,hippie,filler,nerd,3,4,2,hippie_girl1,hippie_guy1,filler_girl4,filler_guy1,nerd_girl1,nerd_guy2,0.36706666666666665,
862,condition1,hippie,nerd,filler,3,2,5,hippie_girl2,hippie_guy1,nerd_girl1,nerd_guy1,filler_girl1,filler_guy2,0.6658166666666666,
902,condition1,hippie,filler,nerd,2,6,3,hippie_girl1,hippie_guy1,filler_girl2,filler_guy1,nerd_girl1,nerd_guy1,0.33126666666666665,
760,condition1,filler,nerd,hippie,4,4,4,filler_girl3,filler_guy4,nerd_girl1,nerd_guy1,hippie_girl1,hippie_guy1,0.23216666666666663,
715,condition1,nerd,filler,hippie,1,6,1,nerd_girl1,nerd_guy1,filler_girl4,filler_guy1,hippie_girl1,hippie_guy2,0.2781166666666667,
866,condition1,hippie,nerd,filler,2,4,6,hippie_girl1,hippie_guy2,nerd_girl2,nerd_guy1,filler_girl1,filler_guy1,0.42965,
978,condition1,hippie,nerd,filler,3,5,7,hippie_girl1,hippie_guy2,nerd_girl2,nerd_guy1,filler_girl3,filler_guy1,0.35845,
953,condition1,nerd,filler,hippie,4,2,3,nerd_girl1,nerd_guy1,filler_girl2,filler_guy3,hippie_girl2,hippie_guy2,0.25726666666666664,
674,condition1,nerd,filler,hippie,2,2,2,nerd_girl2,nerd_guy2,filler_girl4,filler_guy3,hippie_girl1,hippie_guy2,0.46958333333333335,
766,condition1,hippie,filler,nerd,2,5,1,hippie_girl2,hippie_guy2,filler_girl4,filler_guy1,nerd_girl1,nerd_guy1,0.36706666666666665,
689,condition1,hippie,filler,nerd,1,6,1,hippie_girl1,hippie_guy1,filler_girl2,filler_guy1,nerd_girl2,nerd_guy2,0.16776666666666668,
929,condition1,hippie,filler,nerd,1,5,1,hippie_girl1,hippie_guy1,filler_girl1,filler_guy1,nerd_girl1,nerd_guy1,0.4078833333333333,
896,condition1,nerd,filler,hippie,2,2,2,nerd_girl2,nerd_guy2,filler_girl2,filler_guy3,hippie_girl2,hippie_guy2,0.37926666666666664,
922,condition1,nerd,filler,hippie,3,5,1,nerd_girl2,nerd_guy2,filler_girl2,filler_guy1,hippie_girl1,hippie_guy2,0.32786666666666664,
660,condition1,hippie,filler,nerd,2,6,5,hippie_girl2,hippie_guy1,filler_girl1,filler_guy2,nerd_girl2,nerd_guy1,0.24661666666666668,
865,condition1,filler,hippie,nerd,6,1,2,filler_girl1,filler_guy2,hippie_girl1,hippie_guy2,nerd_girl1,nerd_guy2,0.4834833333333333,
903,condition1,nerd,hippie,filler,2,4,5,nerd_girl1,nerd_guy1,hippie_girl1,hippie_guy2,filler_girl4,filler_guy3,0.3409,
754,condition1,nerd,filler,hippie,5,4,5,nerd_girl2,nerd_guy2,filler_girl1,filler_guy1,hippie_girl1,hippie_guy1,0.5258833333333334,
620,condition1,hippie,filler,nerd,3,5,2,hippie_girl1,hippie_guy2,filler_girl1,filler_guy1,nerd_girl2,nerd_guy1,0.20633333333333337,
768,condition1,filler,hippie,nerd,7,7,3,filler_girl1,filler_guy2,hippie_girl2,hippie_guy1,nerd_girl1,nerd_guy2,0.7845666666666666,
899,condition1,hippie,filler,nerd,2,3,2,hippie_girl1,hippie_guy1,filler_girl1,filler_guy2,nerd_girl1,nerd_guy2,0.37333333333333335,
615,condition1,hippie,nerd,filler,2,2,6,hippie_girl1,hippie_guy2,nerd_girl1,nerd_guy2,filler_girl2,filler_guy4,0.8269166666666666,
848,condition1,nerd,filler,hippie,2,3,3,nerd_girl2,nerd_guy2,filler_girl4,filler_guy3,hippie_girl1,hippie_guy2,0.7051833333333334,
642,condition1,hippie,nerd,filler,2,1,7,hippie_girl2,hippie_guy1,nerd_girl1,nerd_guy2,filler_girl2,filler_guy3,0.32098333333333334,
960,condition1,filler,hippie,nerd,4,4,4,filler_girl4,filler_guy4,hippie_girl2,hippie_guy1,nerd_girl1,nerd_guy1,0.2643666666666667,
961,condition1,nerd,hippie,filler,3,6,5,nerd_girl2,nerd_guy2,hippie_girl1,hippie_guy2,filler_girl1,filler_guy3,0.43965,
841,condition1,hippie,filler,nerd,1,3,2,hippie_girl2,hippie_guy1,filler_girl1,filler_guy2,nerd_girl2,nerd_guy2,0.5046666666666667,
681,condition1,nerd,hippie,filler,5,2,5,nerd_girl2,nerd_guy1,hippie_girl1,hippie_guy1,filler_girl1,filler_guy4,0.85215,
868,condition1,hippie,nerd,filler,1,1,1,hippie_girl1,hippie_guy2,nerd_girl2,nerd_guy1,filler_girl4,filler_guy1,0.33498333333333336,
707,condition1,nerd,filler,hippie,3,6,2,nerd_girl2,nerd_guy1,filler_girl3,filler_guy3,hippie_girl2,hippie_guy1,0.49593333333333334,
690,condition1,nerd,hippie,filler,2,4,3,nerd_girl1,nerd_guy1,hippie_girl1,hippie_guy1,filler_girl3,filler_guy4,0.2947666666666667,
682,condition1,filler,hippie,nerd,5,3,4,filler_girl3,filler_guy2,hippie_girl2,hippie_guy1,nerd_girl2,nerd_guy1,0.6616833333333333,
999,condition1,filler,hippie,nerd,5,4,4,filler_girl2,filler_guy2,hippie_girl2,hippie_guy1,nerd_girl1,nerd_guy1,0.31611666666666666,
820,condition1,nerd,filler,hippie,1,6,1,nerd_girl1,nerd_guy2,filler_girl4,filler_guy4,hippie_girl1,hippie_guy1,0.21526666666666663,
591,condition1,nerd,filler,hippie,2,1,1,nerd_girl2,nerd_guy2,filler_girl4,filler_guy2,hippie_girl1,hippie_guy2,0.5001166666666667,
858,condition1,filler,hippie,nerd,5,2,2,filler_girl3,filler_guy2,hippie_girl2,hippie_guy2,nerd_girl2,nerd_guy1,0.3856333333333334,
664,condition1,nerd,filler,hippie,5,3,5,nerd_girl1,nerd_guy1,filler_girl1,filler_guy4,hippie_girl2,hippie_guy1,0.30948333333333333,
624,condition1,nerd,filler,hippie,2,4,2,nerd_girl1,nerd_guy1,filler_girl4,filler_guy4,hippie_girl1,hippie_guy1,0.4788,
680,condition1,nerd,hippie,filler,5,5,5,nerd_girl2,nerd_guy2,hippie_girl2,hippie_guy1,filler_girl1,filler_guy1,1.2603333333333333,
876,condition1,hippie,filler,nerd,2,3,1,hippie_girl1,hippie_guy2,filler_girl3,filler_guy3,nerd_girl1,nerd_guy2,0.34486666666666665,
871,condition1,hippie,filler,nerd,2,5,2,hippie_girl1,hippie_guy1,filler_girl4,filler_guy4,nerd_girl1,nerd_guy2,0.6193333333333333,
872,condition1,hippie,filler,nerd,3,5,6,hippie_girl2,hippie_guy2,filler_girl2,filler_guy1,nerd_girl2,nerd_guy2,0.44905,
604,condition1,filler,nerd,hippie,1,1,1,filler_girl4,filler_guy1,nerd_girl2,nerd_guy1,hippie_girl2,hippie_guy1,0.43415,
832,condition1,nerd,filler,hippie,1,1,1,nerd_girl1,nerd_guy1,filler_girl3,filler_guy3,hippie_girl1,hippie_guy1,0.2897166666666667,
959,condition1,hippie,filler,nerd,3,2,3,hippie_girl1,hippie_guy2,filler_girl3,filler_guy4,nerd_girl1,nerd_guy1,0.46573333333333333,
782,condition1,nerd,filler,hippie,7,5,5,nerd_girl2,nerd_guy2,filler_girl4,filler_guy1,hippie_girl1,hippie_guy2,0.632,
593,condition1,nerd,filler,hippie,2,6,3,nerd_girl2,nerd_guy2,filler_girl2,filler_guy4,hippie_girl2,hippie_guy2,0.2980333333333333,
970,condition1,hippie,nerd,filler,6,6,6,hippie_girl1,hippie_guy2,nerd_girl2,nerd_guy2,filler_girl1,filler_guy4,0.4246333333333333,
789,condition1,hippie,filler,nerd,6,6,3,hippie_girl2,hippie_guy1,filler_girl1,filler_guy1,nerd_girl1,nerd_guy1,0.40045,
763,condition1,nerd,filler,hippie,5,6,3,nerd_girl1,nerd_guy2,filler_girl3,filler_guy4,hippie_girl2,hippie_guy2,0.3227,
906,condition1,hippie,filler,nerd,2,4,3,hippie_girl2,hippie_guy2,filler_girl2,filler_guy3,nerd_girl2,nerd_guy1,0.43756666666666666,
863,condition1,hippie,filler,nerd,2,3,1,hippie_girl2,hippie_guy1,filler_girl1,filler_guy4,nerd_girl1,nerd_guy2,0.6884833333333333,
893,condition1,hippie,filler,nerd,2,6,2,hippie_girl1,hippie_guy1,filler_girl3,filler_guy1,nerd_girl1,nerd_guy2,0.5790833333333333,
770,condition1,filler,nerd,hippie,2,1,2,filler_girl4,filler_guy4,nerd_girl1,nerd_guy1,hippie_girl2,hippie_guy2,0.7714166666666666,
748,condition1,hippie,nerd,filler,2,3,4,hippie_girl1,hippie_guy2,nerd_girl2,nerd_guy1,filler_girl2,filler_guy3,0.45905,
834,condition1,hippie,nerd,filler,3,3,3,hippie_girl1,hippie_guy2,nerd_girl2,nerd_guy1,filler_girl4,filler_guy3,0.6466166666666666,
963,condition1,nerd,filler,hippie,2,5,2,nerd_girl1,nerd_guy2,filler_girl1,filler_guy3,hippie_girl2,hippie_guy2,0.6853,
745,condition1,hippie,nerd,filler,4,4,5,hippie_girl1,hippie_guy2,nerd_girl1,nerd_guy1,filler_girl3,filler_guy3,0.49473333333333336,
602,condition1,nerd,filler,hippie,5,3,2,nerd_girl1,nerd_guy1,filler_girl2,filler_guy3,hippie_girl2,hippie_guy1,0.3475666666666667,
852,condition1,filler,hippie,nerd,3,2,2,filler_girl1,filler_guy1,hippie_girl2,hippie_guy2,nerd_girl2,nerd_guy2,0.37601666666666667,
989,condition1,nerd,hippie,filler,6,5,4,nerd_girl1,nerd_guy1,hippie_girl1,hippie_guy1,filler_girl4,filler_guy4,0.7883,
612,condition1,hippie,nerd,filler,1,1,3,hippie_girl1,hippie_guy2,nerd_girl1,nerd_guy1,filler_girl4,filler_guy1,0.65535,
737,condition1,hippie,nerd,filler,3,5,5,hippie_girl2,hippie_guy1,nerd_girl2,nerd_guy1,filler_girl2,filler_guy4,0.2198,
936,condition1,hippie,nerd,filler,3,3,5,hippie_girl2,hippie_guy1,nerd_girl1,nerd_guy2,filler_girl2,filler_guy3,0.3622666666666667,
662,condition1,filler,nerd,hippie,1,1,1,filler_girl3,filler_guy3,nerd_girl1,nerd_guy1,hippie_girl1,hippie_guy2,0.2612,
980,condition1,nerd,filler,hippie,3,2,1,nerd_girl2,nerd_guy2,filler_girl4,filler_guy3,hippie_girl2,hippie_guy2,0.19116666666666668,
779,condition1,filler,hippie,nerd,4,4,4,filler_girl3,filler_guy1,hippie_girl1,hippie_guy2,nerd_girl2,nerd_guy1,0.3875666666666666,
979,condition1,filler,nerd,hippie,5,2,2,filler_girl4,filler_guy3,nerd_girl2,nerd_guy1,hippie_girl1,hippie_guy1,0.31255,
626,condition1,filler,nerd,hippie,3,5,2,filler_girl3,filler_guy4,nerd_girl1,nerd_guy1,hippie_girl2,hippie_guy1,0.44761666666666666,
589,condition1,filler,hippie,nerd,6,6,4,filler_girl2,filler_guy2,hippie_girl1,hippie_guy1,nerd_girl1,nerd_guy1,1.6486666666666667,
693,condition1,hippie,filler,nerd,4,3,3,hippie_girl2,hippie_guy1,filler_girl4,filler_guy4,nerd_girl2,nerd_guy2,0.4069,
840,condition1,hippie,nerd,filler,2,2,1,hippie_girl1,hippie_guy2,nerd_girl2,nerd_guy1,filler_girl3,filler_guy4,0.2825666666666667,
668,condition1,hippie,nerd,filler,3,3,3,hippie_girl2,hippie_guy1,nerd_girl2,nerd_guy2,filler_girl4,filler_guy1,0.42356666666666665,
761,condition1,hippie,nerd,filler,1,1,5,hippie_girl2,hippie_guy1,nerd_girl1,nerd_guy1,filler_girl4,filler_guy1,0.28025,
944,condition1,hippie,filler,nerd,2,5,3,hippie_girl1,hippie_guy2,filler_girl1,filler_guy2,nerd_girl2,nerd_guy1,0.7009666666666666,
954,condition1,filler,hippie,nerd,3,6,5,filler_girl2,filler_guy4,hippie_girl1,hippie_guy1,nerd_girl2,nerd_guy1,0.9810333333333332,
734,condition1,hippie,filler,nerd,1,1,1,hippie_girl2,hippie_guy1,filler_girl4,filler_guy1,nerd_girl2,nerd_guy2,0.3845666666666666,
731,condition1,filler,nerd,hippie,4,2,4,filler_girl2,filler_guy4,nerd_girl2,nerd_guy1,hippie_girl1,hippie_guy1,0.35868333333333335,
912,condition1,nerd,filler,hippie,3,4,3,nerd_girl1,nerd_guy2,filler_girl2,filler_guy2,hippie_girl1,hippie_guy2,0.5176,
613,condition1,filler,hippie,nerd,6,5,5,filler_girl3,filler_guy2,hippie_girl2,hippie_guy2,nerd_girl2,nerd_guy1,0.5049166666666667,
854,condition1,nerd,hippie,filler,5,2,4,nerd_girl2,nerd_guy1,hippie_girl1,hippie_guy2,filler_girl2,filler_guy4,0.4447333333333333,
949,condition1,filler,nerd,hippie,7,2,1,filler_girl3,filler_guy1,nerd_girl2,nerd_guy2,hippie_girl1,hippie_guy1,0.43783333333333335,
895,condition1,hippie,nerd,filler,2,2,5,hippie_girl1,hippie_guy2,nerd_girl1,nerd_guy1,filler_girl2,filler_guy3,0.4476333333333333,
747,condition1,nerd,hippie,filler,1,1,2,nerd_girl1,nerd_guy2,hippie_girl2,hippie_guy2,filler_girl4,filler_guy1,0.26375,
983,condition1,hippie,filler,nerd,3,4,3,hippie_girl2,hippie_guy1,filler_girl1,filler_guy2,nerd_girl1,nerd_guy2,0.41891666666666666,
958,condition1,nerd,filler,hippie,5,5,3,nerd_girl2,nerd_guy2,filler_girl1,filler_guy4,hippie_girl2,hippie_guy2,0.4690166666666667,
988,condition1,hippie,filler,nerd,2,5,2,hippie_girl2,hippie_guy2,filler_girl2,filler_guy2,nerd_girl1,nerd_guy2,0.4298,
818,condition1,nerd,filler,hippie,2,2,1,nerd_girl1,nerd_guy2,filler_girl4,filler_guy4,hippie_girl2,hippie_guy2,0.2912,
795,condition1,nerd,hippie,filler,5,2,6,nerd_girl2,nerd_guy1,hippie_girl1,hippie_guy1,filler_girl4,filler_guy3,0.3029833333333333,
617,condition1,nerd,filler,hippie,1,1,1,nerd_girl2,nerd_guy2,filler_girl3,filler_guy3,hippie_girl1,hippie_guy2,0.3685333333333333,
596,condition1,hippie,nerd,filler,5,2,6,hippie_girl2,hippie_guy1,nerd_girl2,nerd_guy2,filler_girl4,filler_guy2,0.36745,
850,condition1,nerd,hippie,filler,1,2,7,nerd_girl1,nerd_guy2,hippie_girl2,hippie_guy1,filler_girl2,filler_guy2,0.34941666666666665,
696,condition1,filler,nerd,hippie,5,1,6,filler_girl2,filler_guy1,nerd_girl2,nerd_guy2,hippie_girl2,hippie_guy2,0.3613666666666666,
900,condition1,hippie,nerd,filler,1,1,3,hippie_girl1,hippie_guy1,nerd_girl2,nerd_guy1,filler_girl4,filler_guy3,0.3909,
750,condition1,filler,nerd,hippie,4,3,3,filler_girl4,filler_guy1,nerd_girl2,nerd_guy1,hippie_girl2,hippie_guy1,0.6498333333333334,
955,condition1,hippie,nerd,filler,2,2,2,hippie_girl1,hippie_guy2,nerd_girl1,nerd_guy1,filler_girl4,filler_guy2,0.28936666666666666,
621,condition1,hippie,nerd,filler,5,2,5,hippie_girl2,hippie_guy2,nerd_girl2,nerd_guy1,filler_girl2,filler_guy2,0.2755166666666667,
652,condition1,filler,nerd,hippie,2,2,1,filler_girl4,filler_guy2,nerd_girl2,nerd_guy1,hippie_girl2,hippie_guy1,0.2986,
767,condition1,filler,hippie,nerd,3,5,1,filler_girl2,filler_guy1,hippie_girl2,hippie_guy1,nerd_girl2,nerd_guy2,0.27746666666666664,
839,condition1,filler,nerd,hippie,5,3,2,filler_girl4,filler_guy2,nerd_girl1,nerd_guy1,hippie_girl1,hippie_guy2,2.809183333333334,
806,condition1,filler,nerd,hippie,7,6,5,filler_girl3,filler_guy2,nerd_girl1,nerd_guy2,hippie_girl2,hippie_guy1,0.26686666666666664,
783,condition1,hippie,nerd,filler,3,5,5,hippie_girl2,hippie_guy1,nerd_girl2,nerd_guy1,filler_girl4,filler_guy4,0.38945,
990,condition1,nerd,filler,hippie,4,4,4,nerd_girl2,nerd_guy2,filler_girl2,filler_guy2,hippie_girl1,hippie_guy2,0.2152,
992,condition1,hippie,nerd,filler,6,5,6,hippie_girl1,hippie_guy1,nerd_girl2,nerd_guy2,filler_girl1,filler_guy4,0.40565,
847,condition1,hippie,filler,nerd,3,5,3,hippie_girl1,hippie_guy2,filler_girl4,filler_guy3,nerd_girl1,nerd_guy1,0.3791333333333333,
997,condition1,nerd,filler,hippie,4,4,4,nerd_girl2,nerd_guy2,filler_girl4,filler_guy2,hippie_girl2,hippie_guy1,0.2952666666666667,
888,condition1,hippie,filler,nerd,4,4,4,hippie_girl2,hippie_guy2,filler_girl2,filler_guy1,nerd_girl2,nerd_guy2,0.18005,
727,condition1,hippie,filler,nerd,2,6,3,hippie_girl2,hippie_guy2,filler_girl3,filler_guy1,nerd_girl2,nerd_guy1,0.57375,
717,condition1,filler,hippie,nerd,7,1,3,filler_girl1,filler_guy3,hippie_girl1,hippie_guy1,nerd_girl2,nerd_guy2,0.3881333333333334,
830,condition1,nerd,filler,hippie,3,5,2,nerd_girl2,nerd_guy1,filler_girl4,filler_guy3,hippie_girl2,hippie_guy2,0.23265,
628,condition1,hippie,filler,nerd,2,5,2,hippie_girl1,hippie_guy1,filler_girl2,filler_guy4,nerd_girl1,nerd_guy1,0.28265,
907,condition1,filler,hippie,nerd,1,1,1,filler_girl3,filler_guy4,hippie_girl1,hippie_guy2,nerd_girl2,nerd_guy1,0.47325,
859,condition1,filler,nerd,hippie,3,5,2,filler_girl2,filler_guy4,nerd_girl1,nerd_guy2,hippie_girl2,hippie_guy2,0.2222,
671,condition1,hippie,nerd,filler,3,2,5,hippie_girl2,hippie_guy2,nerd_girl2,nerd_guy2,filler_girl2,filler_guy1,0.5393,
962,condition1,filler,nerd,hippie,4,4,3,filler_girl3,filler_guy2,nerd_girl1,nerd_guy2,hippie_girl2,hippie_guy1,0.5536,
705,condition1,filler,hippie,nerd,5,3,6,filler_girl2,filler_guy4,hippie_girl2,hippie_guy2,nerd_girl2,nerd_guy2,0.45465,
828,condition1,nerd,hippie,filler,5,1,4,nerd_girl1,nerd_guy1,hippie_girl1,hippie_guy2,filler_girl1,filler_guy1,0.2017,
926,condition1,nerd,filler,hippie,5,3,5,nerd_girl1,nerd_guy2,filler_girl3,filler_guy4,hippie_girl2,hippie_guy1,8.080916666666667,
1003,condition1,hippie,filler,nerd,5,5,5,hippie_girl2,hippie_guy2,filler_girl3,filler_guy4,nerd_girl2,nerd_guy1,0.38785,
885,condition1,filler,hippie,nerd,2,1,4,filler_girl1,filler_guy3,hippie_girl1,hippie_guy2,nerd_girl2,nerd_guy1,0.34365,
882,condition1,nerd,hippie,filler,1,6,4,nerd_girl2,nerd_guy2,hippie_girl2,hippie_guy1,filler_girl3,filler_guy3,0.43046666666666666,
817,condition1,nerd,filler,hippie,6,7,4,nerd_girl2,nerd_guy1,filler_girl1,filler_guy4,hippie_girl2,hippie_guy1,0.6965666666666667,
875,condition1,filler,nerd,hippie,3,3,3,filler_girl2,filler_guy4,nerd_girl1,nerd_guy2,hippie_girl2,hippie_guy2,0.36823333333333336,
985,condition1,nerd,filler,hippie,4,4,1,nerd_girl1,nerd_guy1,filler_girl2,filler_guy3,hippie_girl1,hippie_guy2,0.46718333333333334,
753,condition1,filler,hippie,nerd,5,2,4,filler_girl4,filler_guy2,hippie_girl2,hippie_guy1,nerd_girl2,nerd_guy1,0.41656666666666664,
790,condition1,filler,hippie,nerd,6,4,5,filler_girl1,filler_guy4,hippie_girl1,hippie_guy2,nerd_girl2,nerd_guy1,0.3229166666666667,
836,condition1,hippie,nerd,filler,3,6,6,hippie_girl1,hippie_guy2,nerd_girl2,nerd_guy2,filler_girl2,filler_guy4,0.4028,
947,condition1,filler,hippie,nerd,5,5,6,filler_girl4,filler_guy1,hippie_girl2,hippie_guy1,nerd_girl1,nerd_guy1,0.3736833333333333,
704,condition1,filler,nerd,hippie,3,5,2,filler_girl1,filler_guy4,nerd_girl2,nerd_guy2,hippie_girl2,hippie_guy2,0.47281666666666666,
994,condition1,nerd,hippie,filler,5,4,2,nerd_girl2,nerd_guy1,hippie_girl2,hippie_guy1,filler_girl2,filler_guy4,0.35355,
684,condition1,nerd,filler,hippie,3,5,1,nerd_girl1,nerd_guy2,filler_girl2,filler_guy3,hippie_girl1,hippie_guy2,0.3208,
792,condition1,filler,nerd,hippie,2,3,2,filler_girl2,filler_guy4,nerd_girl1,nerd_guy2,hippie_girl1,hippie_guy1,0.5646166666666667,
927,condition1,nerd,hippie,filler,5,3,2,nerd_girl2,nerd_guy2,hippie_girl1,hippie_guy1,filler_girl3,filler_guy3,0.30165,
869,condition1,nerd,hippie,filler,2,4,5,nerd_girl1,nerd_guy1,hippie_girl2,hippie_guy1,filler_girl4,filler_guy3,0.4916833333333333,
667,condition1,nerd,filler,hippie,2,4,4,nerd_girl1,nerd_guy1,filler_girl4,filler_guy2,hippie_girl1,hippie_guy2,0.41358333333333336,
793,condition1,hippie,filler,nerd,1,5,2,hippie_girl2,hippie_guy2,filler_girl2,filler_guy3,nerd_girl1,nerd_guy2,0.2346,
870,condition1,nerd,hippie,filler,1,2,1,nerd_girl2,nerd_guy1,hippie_girl2,hippie_guy1,filler_girl1,filler_guy4,0.26588333333333336,
712,condition1,filler,hippie,nerd,6,1,5,filler_girl3,filler_guy3,hippie_girl2,hippie_guy1,nerd_girl2,nerd_guy1,0.2986666666666667,
943,condition1,nerd,filler,hippie,6,5,3,nerd_girl1,nerd_guy1,filler_girl2,filler_guy4,hippie_girl1,hippie_guy2,0.4289833333333333,
641,condition1,hippie,nerd,filler,3,3,5,hippie_girl1,hippie_guy2,nerd_girl2,nerd_guy2,filler_girl1,filler_guy3,0.27091666666666664,
952,condition1,hippie,nerd,filler,2,3,5,hippie_girl1,hippie_guy2,nerd_girl2,nerd_guy1,filler_girl3,filler_guy4,0.4500666666666666,
608,condition1,hippie,filler,nerd,3,3,4,hippie_girl2,hippie_guy2,filler_girl3,filler_guy2,nerd_girl1,nerd_guy2,0.4770333333333333,
805,condition1,nerd,hippie,filler,3,3,3,nerd_girl2,nerd_guy1,hippie_girl2,hippie_guy2,filler_girl1,filler_guy2,0.38183333333333336,
810,condition1,hippie,nerd,filler,3,4,4,hippie_girl1,hippie_guy1,nerd_girl2,nerd_guy2,filler_girl4,filler_guy3,0.36601666666666666,
904,condition1,filler,hippie,nerd,2,4,2,filler_girl4,filler_guy2,hippie_girl2,hippie_guy1,nerd_girl1,nerd_guy2,0.2706,
702,condition1,nerd,hippie,filler,2,2,4,nerd_girl1,nerd_guy2,hippie_girl1,hippie_guy1,filler_girl1,filler_guy4,0.5714333333333333,
825,condition1,hippie,filler,nerd,2,2,2,hippie_girl2,hippie_guy1,filler_girl4,filler_guy1,nerd_girl2,nerd_guy1,0.5713666666666667,
835,condition1,nerd,hippie,filler,1,1,4,nerd_girl1,nerd_guy1,hippie_girl2,hippie_guy1,filler_girl4,filler_guy1,0.39653333333333335,
894,condition1,filler,hippie,nerd,3,2,4,filler_girl1,filler_guy3,hippie_girl2,hippie_guy2,nerd_girl1,nerd_guy2,0.20015,
964,condition1,hippie,filler,nerd,2,3,1,hippie_girl2,hippie_guy2,filler_girl2,filler_guy2,nerd_girl2,nerd_guy2,0.30161666666666664,
976,condition1,nerd,hippie,filler,1,1,1,nerd_girl1,nerd_guy1,hippie_girl1,hippie_guy2,filler_girl2,filler_guy3,0.39795,
843,condition1,hippie,nerd,filler,1,1,1,hippie_girl2,hippie_guy1,nerd_girl2,nerd_guy1,filler_girl2,filler_guy2,0.26453333333333334,
918,condition1,filler,nerd,hippie,4,4,4,filler_girl1,filler_guy3,nerd_girl1,nerd_guy2,hippie_girl1,hippie_guy1,0.32743333333333335,
720,condition1,nerd,filler,hippie,1,2,1,nerd_girl2,nerd_guy2,filler_girl1,filler_guy3,hippie_girl1,hippie_guy2,0.3633,
756,condition1,nerd,hippie,filler,2,1,4,nerd_girl1,nerd_guy1,hippie_girl1,hippie_guy1,filler_girl4,filler_guy1,0.4057833333333334,
777,condition1,hippie,nerd,filler,2,2,2,hippie_girl2,hippie_guy2,nerd_girl1,nerd_guy1,filler_girl2,filler_guy1,0.5505,
627,condition1,hippie,nerd,filler,2,1,7,hippie_girl1,hippie_guy1,nerd_girl1,nerd_guy2,filler_girl4,filler_guy4,0.25585,
656,condition1,filler,nerd,hippie,6,3,5,filler_girl4,filler_guy4,nerd_girl2,nerd_guy1,hippie_girl2,hippie_guy1,0.7682333333333333,
640,condition1,nerd,filler,hippie,4,5,5,nerd_girl2,nerd_guy2,filler_girl3,filler_guy3,hippie_girl1,hippie_guy2,0.3571666666666667,
822,condition1,filler,nerd,hippie,5,5,6,filler_girl2,filler_guy2,nerd_girl1,nerd_guy2,hippie_girl1,hippie_guy2,0.7029333333333333,
986,condition1,hippie,filler,nerd,5,3,1,hippie_girl1,hippie_guy2,filler_girl2,filler_guy3,nerd_girl1,nerd_guy2,0.22525,
636,condition1,nerd,filler,hippie,3,6,3,nerd_girl2,nerd_guy1,filler_girl4,filler_guy4,hippie_girl1,hippie_guy2,0.6726666666666666,
788,condition1,hippie,filler,nerd,3,5,3,hippie_girl2,hippie_guy1,filler_girl2,filler_guy2,nerd_girl1,nerd_guy1,0.5175833333333333,
625,condition1,hippie,nerd,filler,1,5,5,hippie_girl1,hippie_guy1,nerd_girl2,nerd_guy1,filler_girl3,filler_guy4,0.7749833333333334,
849,condition1,hippie,filler,nerd,5,1,1,hippie_girl2,hippie_guy2,filler_girl3,filler_guy3,nerd_girl2,nerd_guy2,0.42055,
764,condition1,nerd,hippie,filler,4,4,4,nerd_girl1,nerd_guy1,hippie_girl1,hippie_guy1,filler_girl3,filler_guy3,0.08348333333333334,
603,condition1,hippie,filler,nerd,4,4,4,hippie_girl2,hippie_guy2,filler_girl1,filler_guy2,nerd_girl2,nerd_guy1,0.5488,
913,condition1,filler,hippie,nerd,3,3,3,filler_girl2,filler_guy3,hippie_girl2,hippie_guy1,nerd_girl2,nerd_guy1,0.36238333333333334,
809,condition1,hippie,nerd,filler,6,6,6,hippie_girl2,hippie_guy1,nerd_girl2,nerd_guy1,filler_girl2,filler_guy3,0.3506666666666667,
934,condition1,filler,hippie,nerd,7,1,3,filler_girl1,filler_guy1,hippie_girl2,hippie_guy2,nerd_girl1,nerd_guy1,0.4871,
784,condition1,filler,hippie,nerd,3,1,2,filler_girl4,filler_guy1,hippie_girl1,hippie_guy1,nerd_girl1,nerd_guy1,0.3039,
622,condition1,nerd,filler,hippie,2,4,1,nerd_girl1,nerd_guy1,filler_girl4,filler_guy1,hippie_girl2,hippie_guy2,0.292,
807,condition1,hippie,nerd,filler,1,1,5,hippie_girl2,hippie_guy2,nerd_girl2,nerd_guy2,filler_girl4,filler_guy2,0.3816,
706,condition1,filler,hippie,nerd,1,1,1,filler_girl1,filler_guy2,hippie_girl1,hippie_guy1,nerd_girl1,nerd_guy2,0.29835,
698,condition1,filler,hippie,nerd,6,5,5,filler_girl3,filler_guy2,hippie_girl1,hippie_guy2,nerd_girl1,nerd_guy2,0.26811666666666667,
744,condition1,hippie,nerd,filler,6,6,5,hippie_girl2,hippie_guy2,nerd_girl2,nerd_guy2,filler_girl1,filler_guy3,0.38771666666666665,
991,condition1,nerd,filler,hippie,5,5,4,nerd_girl1,nerd_guy1,filler_girl4,filler_guy1,hippie_girl2,hippie_guy1,0.2725166666666667,
733,condition1,filler,nerd,hippie,2,2,1,filler_girl1,filler_guy1,nerd_girl2,nerd_guy2,hippie_girl1,hippie_guy1,0.3966166666666667,
598,condition1,nerd,filler,hippie,3,3,3,nerd_girl1,nerd_guy1,filler_girl2,filler_guy4,hippie_girl2,hippie_guy2,0.2519,
879,condition1,filler,nerd,hippie,6,5,5,filler_girl1,filler_guy3,nerd_girl2,nerd_guy1,hippie_girl1,hippie_guy2,0.4245333333333333,
676,condition1,nerd,filler,hippie,2,6,4,nerd_girl2,nerd_guy2,filler_girl3,filler_guy4,hippie_girl2,hippie_guy1,0.21081666666666668,
619,condition1,filler,nerd,hippie,4,2,3,filler_girl4,filler_guy2,nerd_girl2,nerd_guy1,hippie_girl1,hippie_guy2,0.6916166666666667,
826,condition1,filler,hippie,nerd,4,2,4,filler_girl1,filler_guy1,hippie_girl1,hippie_guy2,nerd_girl2,nerd_guy1,0.3231833333333333,
600,condition1,filler,hippie,nerd,2,2,1,filler_girl4,filler_guy2,hippie_girl1,hippie_guy2,nerd_girl2,nerd_guy2,0.42485,
909,condition1,nerd,hippie,filler,3,2,4,nerd_girl2,nerd_guy2,hippie_girl1,hippie_guy1,filler_girl1,filler_guy2,0.4216,
804,condition1,nerd,hippie,filler,1,1,2,nerd_girl2,nerd_guy2,hippie_girl1,hippie_guy2,filler_girl2,filler_guy4,0.39025,
786,condition1,nerd,hippie,filler,3,2,5,nerd_girl2,nerd_guy2,hippie_girl2,hippie_guy2,filler_girl1,filler_guy4,0.43498333333333333,
910,condition1,filler,hippie,nerd,3,3,4,filler_girl3,filler_guy4,hippie_girl2,hippie_guy1,nerd_girl2,nerd_guy1,0.3666833333333333,
716,condition1,nerd,filler,hippie,1,4,2,nerd_girl2,nerd_guy1,filler_girl1,filler_guy4,hippie_girl2,hippie_guy2,0.43511666666666665,
699,condition1,filler,nerd,hippie,1,1,1,filler_girl2,filler_guy4,nerd_girl2,nerd_guy2,hippie_girl2,hippie_guy2,0.2834333333333333,
824,condition1,nerd,filler,hippie,1,3,1,nerd_girl2,nerd_guy1,filler_girl2,filler_guy3,hippie_girl1,hippie_guy1,0.9067333333333332,
881,condition1,hippie,filler,nerd,1,1,1,hippie_girl2,hippie_guy2,filler_girl2,filler_guy3,nerd_girl2,nerd_guy2,0.25838333333333335,
851,condition1,nerd,hippie,filler,3,6,4,nerd_girl2,nerd_guy2,hippie_girl2,hippie_guy1,filler_girl3,filler_guy2,0.42111666666666664,
798,condition1,hippie,nerd,filler,2,2,4,hippie_girl2,hippie_guy1,nerd_girl1,nerd_guy2,filler_girl4,filler_guy3,0.25066666666666665,
610,condition1,hippie,nerd,filler,5,4,6,hippie_girl1,hippie_guy1,nerd_girl1,nerd_guy2,filler_girl4,filler_guy4,0.2765666666666667,
938,condition1,filler,nerd,hippie,4,4,4,filler_girl3,filler_guy3,nerd_girl2,nerd_guy2,hippie_girl2,hippie_guy2,0.17721666666666666,
842,condition1,hippie,filler,nerd,1,3,1,hippie_girl1,hippie_guy2,filler_girl4,filler_guy1,nerd_girl2,nerd_guy1,0.2696,
614,condition1,filler,hippie,nerd,6,1,2,filler_girl2,filler_guy1,hippie_girl2,hippie_guy1,nerd_girl2,nerd_guy2,0.567,
649,condition1,hippie,filler,nerd,2,7,5,hippie_girl1,hippie_guy2,filler_girl4,filler_guy2,nerd_girl2,nerd_guy1,0.4890833333333333,
588,condition1,filler,hippie,nerd,6,3,3,filler_girl3,filler_guy1,hippie_girl1,hippie_guy2,nerd_girl2,nerd_guy2,0.2698,
605,condition1,nerd,filler,hippie,2,4,1,nerd_girl1,nerd_guy2,filler_girl2,filler_guy4,hippie_girl1,hippie_guy2,0.3300666666666667,
765,condition1,hippie,filler,nerd,2,5,2,hippie_girl1,hippie_guy1,filler_girl3,filler_guy2,nerd_girl1,nerd_guy2,0.3382833333333333,
590,condition1,filler,hippie,nerd,5,2,2,filler_girl2,filler_guy4,hippie_girl1,hippie_guy2,nerd_girl2,nerd_guy2,0.7157166666666667,
597,condition1,hippie,nerd,filler,3,2,3,hippie_girl1,hippie_guy2,nerd_girl1,nerd_guy1,filler_girl1,filler_guy3,0.5140333333333333,
618,condition1,nerd,hippie,filler,1,5,7,nerd_girl1,nerd_guy2,hippie_girl2,hippie_guy1,filler_girl1,filler_guy1,0.7347,
623,condition1,hippie,filler,nerd,5,3,4,hippie_girl2,hippie_guy1,filler_girl1,filler_guy3,nerd_girl2,nerd_guy1,0.27276666666666666,
634,condition1,hippie,nerd,filler,3,2,5,hippie_girl2,hippie_guy1,nerd_girl1,nerd_guy2,filler_girl3,filler_guy2,0.3882833333333333,
691,condition1,filler,nerd,hippie,5,4,2,filler_girl2,filler_guy1,nerd_girl2,nerd_guy2,hippie_girl1,hippie_guy1,0.32721666666666666,
752,condition1,hippie,filler,nerd,2,1,1,hippie_girl1,hippie_guy1,filler_girl4,filler_guy3,nerd_girl2,nerd_guy2,0.3187333333333333,
925,condition1,filler,nerd,hippie,4,4,2,filler_girl2,filler_guy3,nerd_girl2,nerd_guy2,hippie_girl1,hippie_guy1,0.27891666666666665,
921,condition1,nerd,hippie,filler,5,3,7,nerd_girl1,nerd_guy2,hippie_girl1,hippie_guy2,filler_girl1,filler_guy1,0.2504166666666667,
772,condition1,nerd,hippie,filler,1,1,3,nerd_girl1,nerd_guy2,hippie_girl1,hippie_guy2,filler_girl3,filler_guy4,0.32985,
759,condition1,hippie,filler,nerd,1,5,1,hippie_girl2,hippie_guy1,filler_girl4,filler_guy1,nerd_girl2,nerd_guy2,0.3416166666666667,
968,condition1,filler,hippie,nerd,5,4,5,filler_girl1,filler_guy3,hippie_girl1,hippie_guy2,nerd_girl2,nerd_guy1,0.4754333333333333,
639,condition1,nerd,filler,hippie,4,4,4,nerd_girl2,nerd_guy2,filler_girl3,filler_guy3,hippie_girl1,hippie_guy2,0.21323333333333333,
773,condition1,hippie,nerd,filler,1,2,4,hippie_girl2,hippie_guy1,nerd_girl2,nerd_guy1,filler_girl2,filler_guy2,0.2944833333333333,
815,condition1,nerd,filler,hippie,4,4,2,nerd_girl1,nerd_guy1,filler_girl2,filler_guy4,hippie_girl2,hippie_guy1,0.44835,
650,condition1,filler,hippie,nerd,6,2,3,filler_girl2,filler_guy4,hippie_girl2,hippie_guy1,nerd_girl2,nerd_guy2,0.19013333333333332,
867,condition1,nerd,hippie,filler,4,3,6,nerd_girl2,nerd_guy2,hippie_girl1,hippie_guy2,filler_girl2,filler_guy1,0.44788333333333336,
736,condition1,nerd,filler,hippie,3,5,1,nerd_girl1,nerd_guy1,filler_girl1,filler_guy4,hippie_girl2,hippie_guy1,0.5109333333333334,
781,condition1,hippie,filler,nerd,4,3,2,hippie_girl2,hippie_guy2,filler_girl3,filler_guy1,nerd_girl1,nerd_guy2,0.27018333333333333,
802,condition1,nerd,filler,hippie,2,6,1,nerd_girl1,nerd_guy2,filler_girl3,filler_guy2,hippie_girl1,hippie_guy1,0.5973333333333334,
724,condition1,hippie,filler,nerd,2,4,3,hippie_girl1,hippie_guy1,filler_girl1,filler_guy2,nerd_girl1,nerd_guy2,0.4072833333333334,
975,condition1,nerd,hippie,filler,2,2,1,nerd_girl2,nerd_guy1,hippie_girl2,hippie_guy2,filler_girl2,filler_guy4,0.5300833333333334,
661,condition1,filler,hippie,nerd,3,1,3,filler_girl2,filler_guy2,hippie_girl2,hippie_guy2,nerd_girl1,nerd_guy1,0.3085833333333333,
827,condition1,hippie,nerd,filler,5,5,3,hippie_girl2,hippie_guy1,nerd_girl2,nerd_guy1,filler_girl1,filler_guy3,0.31265,
743,condition1,nerd,filler,hippie,3,6,2,nerd_girl1,nerd_guy1,filler_girl4,filler_guy3,hippie_girl2,hippie_guy1,0.4050666666666667,
973,condition1,nerd,filler,hippie,6,6,5,nerd_girl2,nerd_guy2,filler_girl4,filler_guy3,hippie_girl1,hippie_guy2,0.34121666666666667,
981,condition1,nerd,filler,hippie,1,5,1,nerd_girl2,nerd_guy2,filler_girl3,filler_guy3,hippie_girl1,hippie_guy1,0.35083333333333333,
939,condition1,nerd,filler,hippie,4,5,3,nerd_girl1,nerd_guy2,filler_girl4,filler_guy4,hippie_girl2,hippie_guy1,0.3509,
629,condition1,nerd,hippie,filler,3,2,4,nerd_girl1,nerd_guy1,hippie_girl2,hippie_guy1,filler_girl1,filler_guy3,0.43145,
945,condition1,filler,nerd,hippie,7,5,2,filler_girl2,filler_guy1,nerd_girl1,nerd_guy1,hippie_girl2,hippie_guy2,0.32425,
741,condition1,filler,nerd,hippie,4,4,4,filler_girl1,filler_guy1,nerd_girl2,nerd_guy1,hippie_girl2,hippie_guy2,0.14716666666666667,
685,condition1,hippie,filler,nerd,1,5,2,hippie_girl1,hippie_guy2,filler_girl4,filler_guy4,nerd_girl2,nerd_guy2,0.38503333333333334,
873,condition1,filler,hippie,nerd,1,1,1,filler_girl3,filler_guy2,hippie_girl1,hippie_guy2,nerd_girl1,nerd_guy2,0.27098333333333335,
915,condition1,nerd,filler,hippie,4,2,4,nerd_girl2,nerd_guy2,filler_girl2,filler_guy2,hippie_girl1,hippie_guy1,0.5255,
892,condition1,nerd,hippie,filler,1,5,6,nerd_girl1,nerd_guy1,hippie_girl2,hippie_guy1,filler_girl4,filler_guy3,0.3428333333333333,
695,condition1,nerd,filler,hippie,1,4,1,nerd_girl1,nerd_guy2,filler_girl1,filler_guy1,hippie_girl2,hippie_guy1,0.3753166666666667,
967,condition1,filler,nerd,hippie,5,3,1,filler_girl2,filler_guy3,nerd_girl2,nerd_guy1,hippie_girl1,hippie_guy1,0.26993333333333336,
821,condition1,hippie,filler,nerd,2,5,4,hippie_girl2,hippie_guy1,filler_girl2,filler_guy3,nerd_girl1,nerd_guy2,1.3547833333333332,
780,condition1,hippie,filler,nerd,1,6,2,hippie_girl2,hippie_guy1,filler_girl4,filler_guy4,nerd_girl2,nerd_guy1,0.3851833333333333,
937,condition1,hippie,nerd,filler,5,5,5,hippie_girl1,hippie_guy2,nerd_girl2,nerd_guy1,filler_girl2,filler_guy2,0.2081,
972,condition1,filler,nerd,hippie,3,1,3,filler_girl2,filler_guy1,nerd_girl1,nerd_guy2,hippie_girl1,hippie_guy1,0.60385,
1000,condition1,filler,nerd,hippie,2,2,3,filler_girl4,filler_guy2,nerd_girl1,nerd_guy1,hippie_girl1,hippie_guy2,0.23051666666666668,
728,condition1,filler,hippie,nerd,6,1,2,filler_girl4,filler_guy3,hippie_girl2,hippie_guy1,nerd_girl1,nerd_guy1,0.8201,
606,condition1,nerd,filler,hippie,1,6,1,nerd_girl1,nerd_guy2,filler_girl3,filler_guy1,hippie_girl1,hippie_guy1,1.1708666666666667,
916,condition1,hippie,nerd,filler,1,1,7,hippie_girl2,hippie_guy2,nerd_girl2,nerd_guy2,filler_girl2,filler_guy1,0.2867166666666667,
845,condition1,nerd,hippie,filler,5,5,5,nerd_girl2,nerd_guy2,hippie_girl1,hippie_guy2,filler_girl3,filler_guy1,0.3324666666666667,
670,condition1,nerd,filler,hippie,5,5,3,nerd_girl1,nerd_guy2,filler_girl4,filler_guy1,hippie_girl2,hippie_guy2,0.35468333333333335,
928,condition1,nerd,filler,hippie,6,7,4,nerd_girl2,nerd_guy1,filler_girl1,filler_guy4,hippie_girl2,hippie_guy2,0.43656666666666666,
987,condition1,hippie,nerd,filler,1,1,6,hippie_girl2,hippie_guy2,nerd_girl1,nerd_guy2,filler_girl2,filler_guy3,0.34735,
844,condition1,hippie,filler,nerd,1,5,3,hippie_girl1,hippie_guy2,filler_girl3,filler_guy2,nerd_girl1,nerd_guy1,0.3574833333333333,
713,condition1,hippie,filler,nerd,6,5,6,hippie_girl1,hippie_guy2,filler_girl3,filler_guy1,nerd_girl1,nerd_guy2,0.44175,
687,condition1,hippie,filler,nerd,1,6,4,hippie_girl1,hippie_guy2,filler_girl2,filler_guy1,nerd_girl2,nerd_guy1,0.34118333333333334,
599,condition1,hippie,filler,nerd,1,4,4,hippie_girl1,hippie_guy1,filler_girl2,filler_guy2,nerd_girl1,nerd_guy1,0.40103333333333335,
829,condition1,nerd,filler,hippie,3,4,4,nerd_girl2,nerd_guy1,filler_girl4,filler_guy4,hippie_girl2,hippie_guy2,0.47995,
831,condition1,nerd,filler,hippie,4,3,2,nerd_girl2,nerd_guy1,filler_girl3,filler_guy1,hippie_girl1,hippie_guy2,0.3482,
803,condition1,nerd,hippie,filler,3,4,4,nerd_girl2,nerd_guy1,hippie_girl2,hippie_guy1,filler_girl4,filler_guy2,0.29128333333333334,
878,condition1,nerd,filler,hippie,5,7,5,nerd_girl1,nerd_guy2,filler_girl3,filler_guy4,hippie_girl1,hippie_guy2,0.32713333333333333,
957,condition1,filler,hippie,nerd,3,1,2,filler_girl4,filler_guy2,hippie_girl1,hippie_guy2,nerd_girl1,nerd_guy2,0.3672166666666667,
697,condition1,hippie,nerd,filler,3,2,4,hippie_girl1,hippie_guy2,nerd_girl1,nerd_guy1,filler_girl4,filler_guy2,0.25238333333333335,
833,condition1,hippie,nerd,filler,2,2,5,hippie_girl1,hippie_guy2,nerd_girl2,nerd_guy2,filler_girl4,filler_guy1,0.4801166666666667,
755,condition1,filler,nerd,hippie,5,5,5,filler_girl4,filler_guy3,nerd_girl2,nerd_guy1,hippie_girl1,hippie_guy2,0.4530666666666667,
1002,condition1,hippie,filler,nerd,1,1,1,hippie_girl1,hippie_guy2,filler_girl3,filler_guy4,nerd_girl1,nerd_guy2,0.23521666666666663,
675,condition1,filler,nerd,hippie,3,2,3,filler_girl2,filler_guy1,nerd_girl1,nerd_guy1,hippie_girl2,hippie_guy2,0.2652333333333333,
722,condition1,filler,nerd,hippie,3,4,3,filler_girl3,filler_guy2,nerd_girl2,nerd_guy1,hippie_girl1,hippie_guy2,0.24633333333333332,
931,condition1,nerd,filler,hippie,1,2,1,nerd_girl1,nerd_guy1,filler_girl3,filler_guy4,hippie_girl1,hippie_guy1,0.35058333333333336,
956,condition1,nerd,hippie,filler,3,2,5,nerd_girl1,nerd_guy2,hippie_girl2,hippie_guy1,filler_girl3,filler_guy3,0.3189166666666667,
635,condition1,hippie,filler,nerd,1,6,2,hippie_girl2,hippie_guy2,filler_girl4,filler_guy4,nerd_girl2,nerd_guy1,0.2642833333333333,
725,condition1,hippie,filler,nerd,1,3,2,hippie_girl1,hippie_guy1,filler_girl2,filler_guy2,nerd_girl1,nerd_guy1,0.5137833333333334,
686,condition1,hippie,nerd,filler,2,3,5,hippie_girl1,hippie_guy1,nerd_girl2,nerd_guy1,filler_girl3,filler_guy4,0.23223333333333335,
800,condition1,nerd,filler,hippie,3,3,2,nerd_girl1,nerd_guy1,filler_girl3,filler_guy1,hippie_girl1,hippie_guy1,0.5672,
655,condition1,nerd,filler,hippie,7,7,4,nerd_girl2,nerd_guy1,filler_girl3,filler_guy1,hippie_girl2,hippie_guy2,0.7793666666666667,
659,condition1,nerd,hippie,filler,2,2,4,nerd_girl1,nerd_guy2,hippie_girl2,hippie_guy1,filler_girl3,filler_guy4,0.3279,
932,condition1,filler,nerd,hippie,2,2,1,filler_girl1,filler_guy2,nerd_girl1,nerd_guy2,hippie_girl2,hippie_guy2,0.4707833333333334,
